<?xml version="1.0" encoding="utf-8" standalone="no"?>
<problem revision="1" short-name="inverted" url="https://polygon.codeforces.com/p3fEdnZ/Njoshi29/inverted">
    <names>
        <name language="english" value="INVERTED SUMS"/>
    </names>
    <statements>
        <statement charset="UTF-8" language="english" mathjax="true" path="statements/english/problem.tex" type="application/x-tex"/>
        <statement charset="UTF-8" language="english" mathjax="true" path="statements/.html/english/problem.html" type="text/html"/>
        <statement language="english" path="statements/.pdf/english/problem.pdf" type="application/pdf"/>
    </statements>
    <judging cpu-name="Intel(R) Core(TM) i3-8100 CPU @ 3.60GHz" cpu-speed="3600" input-file="" output-file="" run-count="1">
        <testset name="tests">
            <time-limit>1000</time-limit>
            <memory-limit>536870912</memory-limit>
            <test-count>97</test-count>
            <input-path-pattern>tests/%02d</input-path-pattern>
            <answer-path-pattern>tests/%02d.a</answer-path-pattern>
            <tests>
                <test method="manual" sample="true"/>
                <test method="manual" sample="true"/>
                <test method="manual"/>
                <test cmd="generator x" method="generated"/>
                <test cmd="generator y" method="generated"/>
                <test cmd="generator z" method="generated"/>
                <test cmd="generator x1" method="generated"/>
                <test cmd="generator x2" method="generated"/>
                <test cmd="generator x3" method="generated"/>
                <test cmd="generator x4" method="generated"/>
                <test cmd="generator x5" method="generated"/>
                <test cmd="generator x6" method="generated"/>
                <test cmd="generator x7" method="generated"/>
                <test cmd="generator x8" method="generated"/>
                <test cmd="generator x9" method="generated"/>
                <test cmd="generator x10" method="generated"/>
                <test cmd="generator x11" method="generated"/>
                <test cmd="generator x12" method="generated"/>
                <test cmd="generator x13" method="generated"/>
                <test cmd="generator x14" method="generated"/>
                <test cmd="generator x15" method="generated"/>
                <test cmd="generator x16" method="generated"/>
                <test cmd="generator x17" method="generated"/>
                <test cmd="generator x18" method="generated"/>
                <test cmd="generator x19" method="generated"/>
                <test cmd="generator x20" method="generated"/>
                <test cmd="generator x21" method="generated"/>
                <test cmd="generator x22" method="generated"/>
                <test cmd="generator y5" method="generated"/>
                <test cmd="generator y6" method="generated"/>
                <test cmd="generator y7" method="generated"/>
                <test cmd="generator y8" method="generated"/>
                <test cmd="generator y9" method="generated"/>
                <test cmd="generator y10" method="generated"/>
                <test cmd="generator y11" method="generated"/>
                <test cmd="generator y12" method="generated"/>
                <test cmd="generator y13" method="generated"/>
                <test cmd="generator y14" method="generated"/>
                <test cmd="generator y15" method="generated"/>
                <test cmd="generator y16" method="generated"/>
                <test cmd="generator y17" method="generated"/>
                <test cmd="generator y18" method="generated"/>
                <test cmd="generator y1" method="generated"/>
                <test cmd="generator y2" method="generated"/>
                <test cmd="generator y3" method="generated"/>
                <test cmd="generator y4" method="generated"/>
                <test cmd="generator z5" method="generated"/>
                <test cmd="generator z6" method="generated"/>
                <test cmd="generator z7" method="generated"/>
                <test cmd="generator z8" method="generated"/>
                <test cmd="generator z9" method="generated"/>
                <test cmd="generator z10" method="generated"/>
                <test cmd="generator z11" method="generated"/>
                <test cmd="generator z12" method="generated"/>
                <test cmd="generator z13" method="generated"/>
                <test cmd="generator z14" method="generated"/>
                <test cmd="generator z15" method="generated"/>
                <test cmd="generator z16" method="generated"/>
                <test cmd="generator z17" method="generated"/>
                <test cmd="generator z18" method="generated"/>
                <test cmd="generator z1" method="generated"/>
                <test cmd="generator z2" method="generated"/>
                <test cmd="generator z3" method="generated"/>
                <test cmd="generator z4" method="generated"/>
                <test cmd="generator t5" method="generated"/>
                <test cmd="generator t6" method="generated"/>
                <test cmd="generator t7" method="generated"/>
                <test cmd="generator t8" method="generated"/>
                <test cmd="generator t9" method="generated"/>
                <test cmd="generator t10" method="generated"/>
                <test cmd="generator t11" method="generated"/>
                <test cmd="generator t12" method="generated"/>
                <test cmd="generator t13" method="generated"/>
                <test cmd="generator t14" method="generated"/>
                <test cmd="generator t15" method="generated"/>
                <test cmd="generator t16" method="generated"/>
                <test cmd="generator t17" method="generated"/>
                <test cmd="generator t18" method="generated"/>
                <test cmd="generator t1" method="generated"/>
                <test cmd="generator t2" method="generated"/>
                <test cmd="generator t3" method="generated"/>
                <test cmd="generator t4" method="generated"/>
                <test cmd="generator u5" method="generated"/>
                <test cmd="generator u6" method="generated"/>
                <test cmd="generator u7" method="generated"/>
                <test cmd="generator u8" method="generated"/>
                <test cmd="generator u9" method="generated"/>
                <test cmd="generator u10" method="generated"/>
                <test cmd="generator u11" method="generated"/>
                <test cmd="generator u12" method="generated"/>
                <test cmd="generator u13" method="generated"/>
                <test cmd="generator u14" method="generated"/>
                <test cmd="generator u15" method="generated"/>
                <test cmd="generator u16" method="generated"/>
                <test cmd="generator u17" method="generated"/>
                <test cmd="generator u18" method="generated"/>
                <test method="manual"/>
            </tests>
        </testset>
    </judging>
    <files>
        <resources>
            <file path="files/olymp.sty"/>
            <file path="files/problem.tex"/>
            <file path="files/statements.ftl"/>
            <file path="files/testlib.h" type="h.g++"/>
        </resources>
        <executables>
            <executable>
                <source path="files/generator.cpp" type="cpp.g++17"/>
                <binary path="files/generator.exe" type="exe.win32"/>
            </executable>
            <executable>
                <source path="files/validator.cpp" type="cpp.g++17"/>
                <binary path="files/validator.exe" type="exe.win32"/>
            </executable>
        </executables>
    </files>
    <assets>
        <checker name="std::ncmp.cpp" type="testlib">
            <source path="files/check.cpp" type="cpp.g++17"/>
            <binary path="check.exe" type="exe.win32"/>
            <copy path="check.cpp"/>
            <testset>
                <test-count>1</test-count>
                <input-path-pattern>files/tests/checker-tests/%02d</input-path-pattern>
                <output-path-pattern>files/tests/checker-tests/%02d.o</output-path-pattern>
                <answer-path-pattern>files/tests/checker-tests/%02d.a</answer-path-pattern>
                <tests>
                    <test verdict="wrong-answer"/>
                </tests>
            </testset>
        </checker>
        <validators>
            <validator>
                <source path="files/validator.cpp" type="cpp.g++17"/>
                <binary path="files/validator.exe" type="exe.win32"/>
                <testset>
                    <test-count>5</test-count>
                    <input-path-pattern>files/tests/validator-tests/%02d</input-path-pattern>
                    <tests>
                        <test verdict="invalid"/>
                        <test verdict="valid"/>
                        <test verdict="valid"/>
                        <test verdict="invalid"/>
                        <test verdict="invalid"/>
                    </tests>
                </testset>
            </validator>
        </validators>
        <solutions>
            <solution tag="main">
                <source path="solutions/rough1.cpp" type="cpp.g++17"/>
                <binary path="solutions/rough1.exe" type="exe.win32"/>
            </solution>
        </solutions>
    </assets>
    <properties>
        <property name="tests-wellformed" value="true"/>
    </properties>
    <stresses>
        <stress-count>1</stress-count>
        <stress-path-pattern>stresses/%03d</stress-path-pattern>
        <list>
            <stress index="1" path="stresses/001"/>
        </list>
    </stresses>
    <documents>
        <document path="documents/description.txt" type="text/plain"/>
    </documents>
</problem>
