{"extraResources":{"example.01.mu":"TVXzATINCg==","example.02.mu":"TVXzATYNCg=="},"scoring":null,"notes":"(a,b) and (b,a) are considered to be the same solution; you do not have to count it twice.","legend":"Polycarp is a brilliant student for his age. His teacher taught the class about addition of numbers today, but it is all too boring for Polycarp. So he decides that he'll create a tough problem and solve it himself. So he took three positive integers a,b, and c with no common factor except 1 and wrote down the following equation.\r\n\r\n$$\r\n\\frac{1}{a}+\\frac{1}{b}=\\frac{1}{c}\r\n$$\r\nHe was able to solve this easily. But his friend, Monocarp, asked him to find the sum of all possible values of a and b for a given c. Polycarp is now stuck and has come to you to seek help.","authorLogin":"Njoshi29","language":"english","timeLimit":1000,"output":"Output a single integer --- the sum of all possible values of a and b.","inputFile":"stdin","outputFile":"stdout","input":"Each input contains a single positive integer c.(1 $\\le$ c $\\le$ 1000000)","authorName":"NIKHILESH JOSHI","sampleTests":[{"output":"9","input":"2\r\n","inputFile":"example.01","outputFile":"example.01.a"},{"output":"25","input":"6\r\n","inputFile":"example.02","outputFile":"example.02.a"}],"name":"INVERTED SUMS","interaction":null,"memoryLimit":536870912,"tutorial":""}